q0_back_mid,q1_back_mid,q2_back_mid,q3_back_mid,Timestamp,category
0.9971884489059448,-0.006242562551051378,0.009524054825305939,0.04597964137792587,1637174650.675981,0
0.9971986413002014,-0.0027683409862220287,0.008958590216934681,0.046214085072278976,1637174650.828545,0
0.9972020387649536,-3.187886250088923e-05,0.007914740592241287,0.04640763998031616,1637174650.95405,0
0.9971950054168701,-0.003635154804214835,0.006377578712999821,0.04665546864271164,1637174651.03805,0
0.9971544146537781,-0.0021502203308045864,0.010326186195015907,0.04690420627593994,1637174651.164066,0
0.9971795082092285,0.002809959463775158,0.005120492074638605,0.04719305410981178,1637174651.280517,0
0.9971511363983154,0.0009442177833989263,0.008587347343564034,0.04735994711518288,1637174651.398499,0
0.9970591068267822,-0.0018902876181527972,0.015189683996140957,0.047599729150533676,1637174651.576504,0
0.997029721736908,-0.0025621859822422266,0.016264284029603004,0.04783041030168533,1637174651.696978,0
0.9970996975898743,-0.0035850859712809324,0.010044693015515804,0.048020876944065094,1637174651.815953,0
0.9971187114715576,-0.0051153977401554585,0.006407004315406084,0.04811578616499901,1637174651.906203,0
0.9970880746841431,-0.003184626577422023,0.009807099588215351,0.04834868386387825,1637174651.996196,0
0.9970714449882507,-0.00036009823088534176,0.010184030048549175,0.04871224984526634,1637174652.116197,0
0.9970733523368835,-0.000580618972890079,0.008922875858843327,0.04891696572303772,1637174652.238521,0
0.9970150589942932,-0.010063320398330688,0.00840944517403841,0.04915769025683403,1637174652.357522,0
0.9970514178276062,-0.004000244662165642,0.008723855949938297,0.04923783987760544,1637174652.362523,0
0.9969889521598816,-0.0016930712154135108,0.013347744941711426,0.04958980903029442,1637174652.536521,0
0.9970257878303528,0.0007840500911697745,0.009435567073523998,0.04977952316403389,1637174652.656519,0
0.9970441460609436,0.00021791658946312964,0.005906029604375362,0.04996097832918167,1637174652.775822,0
0.9969971179962158,7.145072595449165e-05,0.010595881380140781,0.05011884123086929,1637174652.898441,0
0.9969644546508789,-0.0031534708105027676,0.011868559755384922,0.05038970708847046,1637174653.015258,0
0.9969840049743652,-7.827733497833833e-05,0.009011400863528252,0.05069025233387947,1637174653.076442,0
0.9969659447669983,-0.0033875619992613792,0.009523020125925541,0.050844013690948486,1637174653.196328,0
0.996926486492157,-0.0007390389801003039,0.01232470478862524,0.05112742260098457,1637174653.316118,0
0.996928870677948,0.004970910958945751,0.009753631427884102,0.05138695240020752,1637174653.436232,0
0.9968920946121216,-0.0053137498907744884,0.012529202736914158,0.05146925523877144,1637174653.502583,0
0.9969014525413513,-0.0025051061529666185,0.011680034920573235,0.05169357359409332,1637174653.629813,0
0.996864378452301,-0.0021418598480522633,0.014180588535964489,0.05180571228265762,1637174653.798223,0
0.9969401955604553,-0.0020400749053806067,0.00646226666867733,0.051888249814510345,1637174653.857197,0
0.9969296455383301,-0.0016182607505470514,0.006475476082414389,0.05210522189736366,1637174654.037191,0
0.9968668818473816,0.0032682528253644705,0.011111045256257057,0.05244320631027222,1637174654.098458,0
0.9968758821487427,-0.0012291172752156854,0.010338474996387959,0.052516013383865356,1637174654.218735,0
0.9968822598457336,9.689138096291572e-06,0.0070946174673736095,0.05295217037200928,1637174654.337767,0
0.9968298077583313,-0.00698643596842885,0.01025785505771637,0.052949123084545135,1637174654.456427,0
0.9968374371528625,-0.0009711248567327857,0.010783150792121887,0.0531652495265007,1637174654.576052,0
0.9968245625495911,-0.006952882744371891,0.009864680469036102,0.05312926694750786,1637174654.636845,0
0.9968516230583191,-0.0027487927582114935,0.006516065914183855,0.053528692573308945,1637174654.756836,0
0.9967970848083496,-0.005041750613600016,0.01057539414614439,0.05371975526213646,1637174654.876069,0
0.9968065619468689,0.00027270070859231055,0.009179186075925827,0.054043736308813095,1637174654.996469,0
0.9967895150184631,0.0024173667188733816,0.009060666896402836,0.05432318523526192,1637174655.11637,0
0.9967369437217712,0.003178286598995328,0.013076703995466232,0.05441969633102417,1637174655.235441,0
0.9966995716094971,-0.0002834636834450066,0.015098094008862972,0.0546729639172554,1637174655.297865,0
0.9967774152755737,-0.0009633838781155646,0.007430582772940397,0.054835397750139236,1637174655.419756,0
0.9966968894004822,-0.003000401658937335,0.013326109386980534,0.055099233984947205,1637174655.537751,0
0.9967042803764343,-0.006493628956377506,0.011219781823456287,0.05513763055205345,1637174655.655264,0
0.9967259168624878,-0.0013707565376535058,0.009233205579221249,0.055481258779764175,1637174655.716792,0
0.9966723322868347,-0.0077398899011313915,0.010397553443908691,0.055709145963191986,1637174655.837835,0
0.9967052936553955,-0.001968597061932087,0.008245603181421757,0.05598952993750572,1637174655.962407,0
0.9966813921928406,0.0023893234319984913,0.009330914355814457,0.056224796921014786,1637174656.07842,0
0.9965985417366028,0.0036563961766660213,0.014675606042146683,0.05647812411189079,1637174656.19791,0
0.9965919256210327,-0.002438906580209732,0.014679446816444397,0.05665833503007889,1637174656.316918,0
0.9965988993644714,0.003440561005845666,0.013097433373332024,0.05687197670340538,1637174656.435914,0
0.9965550303459167,-0.0012751321773976088,0.016002122312784195,0.05698883906006813,1637174656.497907,0
0.99656081199646,-0.007405046373605728,0.01325784157961607,0.05712321400642395,1637174656.677896,0
0.996597945690155,-0.0002263924980070442,0.011175716295838356,0.057410065084695816,1637174656.79782,0
0.9966157674789429,-0.002457328839227557,0.0073117357678711414,0.05766769126057625,1637174656.912908,0
0.9965203404426575,-0.0009808862814679742,0.014791810885071754,0.05791883170604706,1637174657.037248,0
0.9965256452560425,-0.007123112212866545,0.012025565840303898,0.058040276169776917,1637174657.165824,0
0.9965548515319824,-0.0045226518996059895,0.009311169385910034,0.05829881504178047,1637174657.275821,0
0.996522843837738,-0.0011534441728144884,0.012030678801238537,0.05851573124527931,1637174657.39582,0
0.9965659379959106,-0.0028048574458807707,0.006371801253408194,0.05861997231841087,1637174657.457828,0
0.9965299963951111,-0.005794001743197441,0.008048479445278645,0.058806318789720535,1637174657.583308,0
0.9964805841445923,0.000850341166369617,0.012833451852202415,0.05906275287270546,1637174657.704314,0
0.9964927434921265,0.0017511140322312713,0.010930199176073074,0.05922279134392738,1637174657.820304,0
0.9964843392372131,0.006525885779410601,0.00854172557592392,0.05942337587475777,1637174657.93632,0
0.9965168237686157,-0.0016209757886826992,0.005525186657905579,0.059576913714408875,1637174658.05731,0
0.9964767098426819,-0.0014441541861742735,0.009509457275271416,0.059749651700258255,1637174658.176306,0
0.9964248538017273,-0.0037444911431521177,0.012575735338032246,0.059938568621873856,1637174658.296405,0
0.996446967124939,-0.0014159169513732195,0.010428314097225666,0.060085829347372055,1637174658.41741,0
0.9963200688362122,0.005587723106145859,0.017503267154097557,0.060297612100839615,1637174658.477407,0
0.9964428544044495,-0.001328656217083335,0.00818683672696352,0.06050805747509003,1637174658.657413,0
0.9964303374290466,-0.004194243345409632,0.007768236566334963,0.06063716858625412,1637174658.776412,0
0.9963834285736084,0.004023788496851921,0.011084692552685738,0.060894425958395004,1637174658.897427,0
0.9963833689689636,-0.00015660976350773126,0.010763891972601414,0.061088528484106064,1637174659.017453,0
0.9963810443878174,-0.0005971997161395848,0.010314345359802246,0.0612034946680069,1637174659.0764,0
0.9963761568069458,0.0029650796204805374,0.007211823016405106,0.061663441359996796,1637174659.256602,0
0.9962906837463379,0.0003878741408698261,0.013617844320833683,0.06201953813433647,1637174659.377602,0
0.9962944984436035,0.0027406516019254923,0.01233864389359951,0.06216607242822647,1637174659.437588,0
0.9963118433952332,-0.005415468942373991,0.009189865551888943,0.062263403087854385,1637174659.557586,0
0.9963164925575256,-0.003009445033967495,0.008537798188626766,0.0624498650431633,1637174659.737599,0
0.9962438344955444,0.0011902592377737164,0.01414890494197607,0.06264214217662811,1637174659.857983,0
0.9962315559387207,0.007323691621422768,0.011471536941826344,0.06296797096729279,1637174659.977988,0
0.9962441325187683,-1.6339396097464487e-05,0.012394221499562263,0.06301666796207428,1637174660.049371,0
0.9962007403373718,-0.00303846993483603,0.01483591552823782,0.06310032308101654,1637174660.158363,0
0.9962034225463867,0.0006184974918141961,0.013355069793760777,0.063458651304245,1637174660.281367,0
0.9961410164833069,0.002013785531744361,0.01583767868578434,0.06383738666772842,1637174660.45766,0
0.9961796998977661,-0.0017067549051716924,0.012830259278416634,0.06392203271389008,1637174660.519243,0
0.9962131977081299,-0.0025556054897606373,0.009219061583280563,0.06399921327829361,1637174660.699289,0
0.9961512684822083,-0.006590204779058695,0.012712407857179642,0.06406933814287186,1637174660.816517,0
0.9961815476417542,0.005786099471151829,0.008660349063575268,0.06435569375753403,1637174660.877513,0
0.9961517453193665,-0.010254452005028725,0.0076411268673837185,0.0643879622220993,1637174660.998515,0
0.9961422681808472,-0.009944945573806763,0.008794859983026981,0.06444050371646881,1637174661.11847,0
0.9961405396461487,0.0006164515507407486,0.01119469478726387,0.06485330313444138,1637174661.253471,0
0.9961317181587219,0.0018597437301650643,0.010978367179632187,0.0650007501244545,1637174661.417481,0
0.9961603879928589,-0.0009747599251568317,0.006191529333591461,0.06521952152252197,1637174661.476471,0
0.9961042404174805,0.004653336480259895,0.009868435561656952,0.06546057760715485,1637174661.599481,0
0.9961310029029846,-0.0009485202026553452,0.00771979009732604,0.06550033390522003,1637174661.716474,0
0.9960591197013855,-0.0007145784911699593,0.012975952588021755,0.06576190888881683,1637174661.897487,0
0.9960450530052185,0.0008315541199408472,0.012494223192334175,0.06606467068195343,1637174662.016478,0
0.9960602521896362,-0.007364756427705288,0.007794559467583895,0.06615514308214188,1637174662.138483,0
0.9960371255874634,-0.005284180864691734,0.010685079731047153,0.06629614531993866,1637174662.257482,0
0.9959839582443237,-0.0033843228593468666,0.01485767774283886,0.06641430407762527,1637174662.37748,0
0.9960335493087769,0.0018024517921730876,0.00961526483297348,0.06670097261667252,1637174662.498978,0
0.9960303902626038,-0.005728504154831171,0.0063925799913704395,0.06691437214612961,1637174662.618941,0
0.9959930181503296,-0.004012918099761009,0.01069068443030119,0.06704913824796677,1637174662.735902,0
0.9960119128227234,-0.0008262569317594171,0.00922730378806591,0.06709881871938705,1637174662.795895,0
0.9959884881973267,-0.0002620228915475309,0.009994487278163433,0.06733797490596771,1637174662.977181,0
0.9959688186645508,0.0009672027081251144,0.010811683721840382,0.06750426441431046,1637174663.055959,0
0.9959781765937805,-0.004780128598213196,0.008312181569635868,0.06755568087100983,1637174663.217968,0
0.9959197640419006,-0.0052941590547561646,0.012373094446957111,0.06774922460317612,1637174663.337364,0
0.9959250688552856,-0.002493513748049736,0.011917311698198318,0.06791748851537704,1637174663.457366,0
0.9958368539810181,0.0010374670382589102,0.016863085329532623,0.0681949108839035,1637174663.577357,0
0.9959102869033813,0.0019460475305095315,0.010826615616679192,0.06833849102258682,1637174663.638351,0
0.9959254860877991,-0.006821082904934883,0.004678964149206877,0.06849606335163116,1637174663.816352,0
0.995853841304779,0.0014092348283156753,0.013193471357226372,0.06874602288007736,1637174663.876351,0
0.9958992004394531,0.006076800171285868,0.006672227755188942,0.06878592073917389,1637174664.057362,0
0.9958739876747131,-0.0028816210106015205,0.010387465357780457,0.06890042126178741,1637174664.176373,0
0.9958935379981995,-0.0012602029601112008,0.0070467558689415455,0.06908473372459412,1637174664.236401,0
0.995846152305603,-0.0027594491839408875,0.011632437817752361,0.06911017745733261,1637174664.415323,0
0.9958581328392029,-0.0007860077894292772,0.009699742309749126,0.06928354501724243,1637174664.476362,0
0.9957775473594666,-0.0035663489252328873,0.014147544279694557,0.06958071887493134,1637174664.596819,0
0.995811402797699,0.0006497360300272703,0.01116107776761055,0.06972719728946686,1637174664.719833,0
0.9957959055900574,-0.007874131202697754,0.008856235072016716,0.06983936578035355,1637174664.841832,0
0.9957637786865234,0.0037664843257516623,0.01194229256361723,0.07017959654331207,1637174664.957825,0
0.9957603216171265,0.0021130028180778027,0.011741059832274914,0.07033123821020126,1637174665.076818,0
0.9957690238952637,-0.006997148506343365,0.008656660094857216,0.07034028321504593,1637174665.197531,0
0.995663046836853,-0.0152141023427248,0.010147101245820522,0.07034239172935486,1637174665.258521,0
0.9957790374755859,0.0013789435615763068,0.00807012990117073,0.07060618698596954,1637174665.376371,0
0.9957436323165894,0.00013496384781319648,0.010893722996115685,0.07073332369327545,1637174665.514784,0
0.9957671165466309,0.0047422065399587154,0.0058636837638914585,0.07084422558546066,1637174665.616801,0
0.9956935048103333,-0.006700689438730478,0.011699027381837368,0.07099509239196777,1637174665.692793,0
0.995754063129425,-0.0027261613868176937,0.005724589806050062,0.07114807516336441,1637174665.856098,0
0.9957551956176758,0.0003278210642747581,0.0033429197501391172,0.07133400440216064,1637174665.917092,0
0.9956108927726746,-0.013017590157687664,0.011187359690666199,0.07135388255119324,1637174666.038237,0
0.9957018494606018,-0.007896749302744865,0.004343318287283182,0.0715874657034874,1637174666.160297,0
0.9956281781196594,0.0033883824944496155,0.013657144270837307,0.07179214805364609,1637174666.28325,0
0.9956504702568054,0.003228585235774517,0.009820796549320221,0.0721224769949913,1637174666.456242,0
0.9956697821617126,-0.0002919012331403792,0.007199501618742943,0.07223116606473923,1637174666.517331,0
0.9956288933753967,-0.00601551029831171,0.008437522687017918,0.0724121630191803,1637174666.697355,0
0.9955950379371643,-0.007270237430930138,0.008843610994517803,0.07271165400743484,1637174666.816337,0
0.9955872893333435,0.004592896904796362,0.010525805875658989,0.07281091064214706,1637174666.878339,0
0.9955986738204956,-0.0034493827261030674,0.009832457639276981,0.07282210141420364,1637174667.004392,0
0.9955899119377136,0.0044500199146568775,0.008751112967729568,0.07302003353834152,1637174667.117349,0
0.9955477714538574,-0.009328942745923996,0.008580103516578674,0.07315266132354736,1637174667.238335,0
0.9955058693885803,0.0032096756622195244,0.013530474156141281,0.07349711656570435,1637174667.3614,0
0.9955708384513855,-0.0020045714918524027,0.007405697833746672,0.0735359638929367,1637174667.537347,0
0.9955464601516724,-0.00211142236366868,0.008541715331375599,0.07373903691768646,1637174667.655607,0
0.9954825043678284,-0.0007231190102174878,0.014258124865591526,0.07374237477779388,1637174667.718578,0
0.9955182075500488,0.002109749708324671,0.010244684293866158,0.07390709966421127,1637174667.836029,0
0.9955008625984192,0.0032204408198595047,0.009371615014970303,0.0742165669798851,1637174667.957698,0
0.9955115914344788,-0.0029762634076178074,0.007717219181358814,0.07427193224430084,1637174668.077754,0
0.99538254737854,0.0004776506102643907,0.016128499060869217,0.07469993829727173,1637174668.19889,0
0.9954001307487488,0.001770466798916459,0.013680624775588512,0.07493478059768677,1637174668.318139,0
0.995451033115387,-0.0021805211436003447,0.008372276090085506,0.07503489404916763,1637174668.436231,0
0.9953643083572388,0.005817973520606756,0.013176423497498035,0.0752977505326271,1637174668.560235,0
0.9954102635383606,-0.0007903618970885873,0.009087775833904743,0.07551966607570648,1637174668.67571,0
0.9953584671020508,-0.001515823882073164,0.01191568374633789,0.07579778134822845,1637174668.737134,0
0.9953123927116394,0.009767862036824226,0.010956482961773872,0.0759265348315239,1637174668.85729,0
0.9952560663223267,-0.005954984575510025,0.01671416684985161,0.07600932568311691,1637174668.97767,0
0.995374858379364,0.0010856217704713345,0.007243851199746132,0.07617713510990143,1637174669.09516,0
0.9953570365905762,-0.006480954121798277,0.006298396270722151,0.07622770965099335,1637174669.158074,0
0.9951879978179932,0.006346666719764471,0.018292687833309174,0.07650386542081833,1637174669.278616,0
0.9953023195266724,-0.003144197165966034,0.010583247058093548,0.07667489349842072,1637174669.397536,0
0.9952532052993774,0.0035137315280735493,0.013211655430495739,0.07688713818788528,1637174669.515603,0
0.9952880144119263,-0.0018350881291553378,0.010584704577922821,0.07690190523862839,1637174669.521614,0
0.9952653646469116,-0.0022058894392102957,0.01057411264628172,0.07718702405691147,1637174669.755363,0
0.9952449202537537,-0.0038853262085467577,0.011278185993432999,0.07729293406009674,1637174669.819375,0
0.995285153388977,0.00044552626786753535,0.0025947019457817078,0.077644944190979,1637174669.937361,0
0.9952313303947449,0.0016131324227899313,0.008984486572444439,0.07784301787614822,1637174670.116264,0
0.9951292872428894,-0.014766085892915726,0.009117050096392632,0.07773985713720322,1637174670.121264,0
0.9951997995376587,-0.001913220970891416,0.010131330229341984,0.07809650897979736,1637174670.297776,0
0.9951433539390564,0.004642697516828775,0.011721262708306313,0.07847470790147781,1637174670.417716,0
0.9951726794242859,-0.002346684690564871,0.01053602248430252,0.07837758213281631,1637174670.537005,0
0.9951619505882263,-0.003244823543354869,0.010798499919474125,0.07843969762325287,1637174670.65571,0
0.9951459765434265,0.0013616165379062295,0.011431408114731312,0.07861322909593582,1637174670.7181,0
0.9951053857803345,0.005737271625548601,0.01257878728210926,0.07874859869480133,1637174670.838368,0
0.9951438307762146,0.0015476976986974478,0.009865815751254559,0.07884947955608368,1637174670.921236,0
0.9950897693634033,-0.0025447835214436054,0.012067766860127449,0.07919219881296158,1637174671.078027,0
0.9950727224349976,-0.000570493983104825,0.013052203692495823,0.0792977586388588,1637174671.198199,0
0.9950587749481201,-0.007410758174955845,0.01159580796957016,0.07934939116239548,1637174671.315532,0
0.9950781464576721,0.0032446852419525385,0.010159759782254696,0.07958610355854034,1637174671.378491,0
0.9949637651443481,-0.008502664044499397,0.016263168305158615,0.07960580289363861,1637174671.555048,0
0.9949973821640015,0.0027588289231061935,0.013188205659389496,0.08016131073236465,1637174671.675239,0
0.9949560761451721,0.002363138599321246,0.015582175925374031,0.08025439083576202,1637174671.737239,0
0.9949724674224854,0.006496849004179239,0.012693917378783226,0.08033359795808792,1637174671.8584,0
0.9950223565101624,-0.004760597832500935,0.009103519842028618,0.08033277839422226,1637174671.979,0
0.9950137138366699,0.0011617237469181418,0.008841491304337978,0.08059802651405334,1637174672.096069,0
0.9949198365211487,0.005802956875413656,0.014554552733898163,0.0807202160358429,1637174672.158329,0
0.9949380159378052,0.0028460544999688864,0.013373121619224548,0.08086354285478592,1637174672.236807,0
0.99493408203125,0.005286478437483311,0.010029089637100697,0.08127414435148239,1637174672.398524,0
0.9949349761009216,0.0005751790013164282,0.0113621661439538,0.0812564343214035,1637174672.515858,0
0.9949336051940918,-0.006411495618522167,0.009233944118022919,0.08129440993070602,1637174672.576053,0
0.9948859810829163,-0.012325623072683811,0.007855935022234917,0.08133731037378311,1637174672.697765,0
0.9949431419372559,-0.0032725483179092407,0.007692196872085333,0.08152875304222107,1637174672.816022,0
0.9949160218238831,-0.0005425487761385739,0.00932212546467781,0.0817466750741005,1637174672.878531,0
0.9949051141738892,0.003029086161404848,0.008047163486480713,0.08196453005075455,1637174672.995905,0
0.9948654770851135,-0.006394047290086746,0.011020938865840435,0.08190126717090607,1637174673.06053,0
0.9948299527168274,-0.004072803538292646,0.013058356009423733,0.08218026906251907,1637174673.235696,0
0.9948340058326721,-0.0010386693757027388,0.012118210084736347,0.08236970007419586,1637174673.298621,0
0.9948298335075378,0.0032799935434013605,0.010178971104323864,0.08262764662504196,1637174673.41607,0
0.9948190450668335,-0.000804134935606271,0.010180758312344551,0.08281493186950684,1637174673.536622,0
0.9947407245635986,-0.001207194640301168,0.014897954650223255,0.08303312957286835,1637174673.656622,0
0.9947080612182617,0.000508476048707962,0.016418086364865303,0.08314599841833115,1637174673.718621,0
0.9947389960289001,0.004870135802775621,0.011893631890416145,0.08340893685817719,1637174673.837769,0
0.994769811630249,0.0022421376779675484,0.008864915929734707,0.08352619409561157,1637174673.958541,0
0.9947587847709656,-0.0002887324371840805,0.008389003574848175,0.08374190330505371,1637174674.077903,0
0.9947150349617004,-0.005712500773370266,0.009926027618348598,0.08389677852392197,1637174674.198826,0
0.9946070313453674,0.005095668137073517,0.016669388860464096,0.08414187282323837,1637174674.318203,0
0.9946930408477783,0.005758087150752544,0.008822466246783733,0.08427873998880386,1637174674.436086,0
0.9946951866149902,-0.005920577794313431,0.008678006008267403,0.08425448834896088,1637174674.497318,0
0.994665801525116,-0.0007976482156664133,0.010986458510160446,0.08453615009784698,1637174674.615776,0
0.9946388602256775,-0.0032001647632569075,0.012619725428521633,0.08456887304782867,1637174674.735567,0
0.9946616291999817,-0.00016535443137399852,0.008893096819519997,0.08483462035655975,1637174674.856623,0
0.9945658445358276,0.009074999950826168,0.011031745932996273,0.08521897345781326,1637174674.976487,0
0.9945738911628723,-0.000664763618260622,0.013494153507053852,0.08525829762220383,1637174675.035736,0
0.9945473074913025,-0.0014757364988327026,0.014525603502988815,0.0853796973824501,1637174675.156289,0
0.9946189522743225,0.0011237651342526078,0.007158324122428894,0.08548761904239655,1637174675.277184,0
0.9946180582046509,-0.0019955490715801716,0.0044185686856508255,0.08567093312740326,1637174675.395967,0
0.9945457577705383,0.00025185386766679585,0.010382428765296936,0.0860198512673378,1637174675.516728,0
0.9945083856582642,-0.0003199949278496206,0.012705517932772636,0.08613356202840805,1637174675.636324,0
0.9945396780967712,-0.0011654045665636659,0.008811838924884796,0.08625363558530807,1637174675.756559,0
0.9945003390312195,-0.006208422128111124,0.010806174948811531,0.08627034723758698,1637174675.875896,0
0.9945324659347534,-0.006197093985974789,0.005936108995229006,0.08637010306119919,1637174675.938486,0
0.9945118427276611,-0.006153815425932407,0.005102656781673431,0.08666089922189713,1637174676.058266,0
0.994469940662384,-0.0033983071334660053,0.010199882090091705,0.08684167265892029,1637174676.178564,0
0.9944441318511963,-0.005417562089860439,0.011479532346129417,0.08687851577997208,1637174676.295361,0
0.9944837093353271,0.0022410338278859854,0.007150829769670963,0.0870298370718956,1637174676.356363,0
0.994384229183197,-5.9268590121064335e-05,0.015342364087700844,0.08713112026453018,1637174676.478226,0
0.9944698810577393,0.004925827961415052,0.003327530575916171,0.0873064249753952,1637174676.598102,0
0.9943414926528931,-0.003161343978717923,0.01533892098814249,0.08756087720394135,1637174676.718454,0
0.9944189786911011,-5.468309245770797e-05,0.008484503254294395,0.08767350763082504,1637174676.836742,0
0.9943569302558899,-0.0020380935166031122,0.013140033930540085,0.08777691423892975,1637174676.956037,0
0.994386613368988,-0.0034723833668977022,0.009481045417487621,0.08787231892347336,1637174677.016411,0
0.9943863153457642,-0.003349445527419448,0.008081442676484585,0.0880161002278328,1637174677.136577,0
0.9943808317184448,-0.00278043863363564,0.00829966738820076,0.08808045834302902,1637174677.259711,0
0.9942789673805237,0.0064721787348389626,0.012227087281644344,0.08857231587171555,1637174677.378089,0
0.9941965341567993,-0.005455083679407835,0.01826702244579792,0.088523730635643,1637174677.443251,0
0.9942903518676758,-0.00336861633695662,0.010729609057307243,0.08881451934576035,1637174677.616184,0
0.994307279586792,-0.0032440288923680782,0.0069772955030202866,0.08900398015975952,1637174677.738138,0
0.9942682981491089,-0.0005113294464536011,0.01028524711728096,0.08917506784200668,1637174677.857359,0
0.9942370057106018,-0.006381166633218527,0.0115044005215168,0.08914634585380554,1637174677.864306,0
0.9942358136177063,-0.0034326151944696903,0.009432309307157993,0.08956634998321533,1637174678.037119,0
0.9941508173942566,-0.014784090220928192,0.006602616515010595,0.08960437774658203,1637174678.127339,0
0.9942009449005127,0.006749612744897604,0.008794290013611317,0.08982642740011215,1637174678.232852,0
0.994200587272644,-0.002853184938430786,0.007133882958441973,0.09018739312887192,1637174678.395632,0
0.9941360354423523,-0.002455896930769086,0.01313770841807127,0.09023302793502808,1637174678.40067,0
0.9941522479057312,-0.00767066515982151,0.00811992771923542,0.09036161005496979,1637174678.524114,0
0.9941423535346985,0.001448901486583054,0.008796326816082,0.09071452915668488,1637174678.696685,0
0.9941049218177795,-0.0045949784107506275,0.01041179895401001,0.09084923565387726,1637174678.818262,0
0.9940869808197021,-0.0022459211759269238,0.011909512802958488,0.09095007926225662,1637174678.935493,0
0.9940510392189026,0.0029185975436121225,0.012805837206542492,0.09119867533445358,1637174679.055624,0
0.9940792918205261,-0.0024751084856688976,0.009432157501578331,0.09132164716720581,1637174679.116625,0
0.9941012263298035,-0.001471295370720327,0.005488506052643061,0.0914250835776329,1637174679.236077,0
0.9940688014030457,-0.0008712368435226381,0.00777193158864975,0.0916181281208992,1637174679.356587,0
0.9940593242645264,0.003307884559035301,0.0057807196862995625,0.09181143343448639,1637174679.428582,0
0.9940285682678223,-0.00045076775131747127,0.008415206335484982,0.09200338274240494,1637174679.715596,0
0.9939663410186768,-0.0007894361624494195,0.011793716810643673,0.09229989349842072,1637174679.835649,0
0.9939576387405396,-0.0015176704619079828,0.01196267269551754,0.09236525744199753,1637174679.89866,0
0.9939597249031067,-0.0012417244724929333,0.009403708390891552,0.09264134615659714,1637174680.01669,0
0.9939450621604919,0.00024246236716862768,0.00875525176525116,0.09286900609731674,1637174680.112261,0
0.9939168095588684,-0.0010883559007197618,0.009025213308632374,0.09313970804214478,1637174680.255839,0
0.9939168095588684,-0.0010883559007197618,0.009025213308632374,0.09313970804214478,1637174680.255839,0
0.9938501715660095,0.00740860914811492,0.009809942916035652,0.09347885102033615,1637174680.496241,0
0.99383944272995,-0.003420555265620351,0.011883093044161797,0.09358011186122894,1637174680.615853,0
0.9938554763793945,0.0022975895553827286,0.010032984428107738,0.09366612881422043,1637174680.619844,0
0.9938061237335205,-0.0010657189413905144,0.012134885415434837,0.09396665543317795,1637174680.795943,0
0.9938064813613892,-0.0025281452108174562,0.010772794485092163,0.09409541636705399,1637174680.915941,0
0.9937753081321716,0.003921245224773884,0.010966288857161999,0.09435320645570755,1637174681.036354,0
0.9936873316764832,0.004009154625236988,0.01644958183169365,0.0944751501083374,1637174681.096668,0
0.9937241673469543,0.005840163677930832,0.011975870467722416,0.09466982632875443,1637174681.217543,0
0.9936826229095459,0.00045923874131403863,0.0157734714448452,0.0947246253490448,1637174681.336074,0
0.9937542080879211,0.0014111131895333529,0.009860155172646046,0.09477259963750839,1637174681.455743,0
0.9937001466751099,-0.00037436658749356866,0.011376610957086086,0.09517673403024673,1637174681.516136,0
0.9923497438430786,-0.0013318180572241545,0.010435312986373901,0.10843943059444427,1637174720.927439,0
0.9923235774040222,-0.003431215649470687,0.011344523169100285,0.10854271799325943,1637174721.05286,0
0.9922811388969421,-0.0094569968059659,0.011671550571918488,0.10853330045938492,1637174721.139397,0
0.9922811985015869,0.004827097523957491,0.01030984241515398,0.10897622257471085,1637174721.292878,0
0.9922938346862793,-0.003091237274929881,0.00911993719637394,0.10903522372245789,1637174721.412847,0
0.9922808408737183,-0.0005127332988195121,0.009015733376145363,0.10920431464910507,1637174721.531657,0
0.9921925663948059,-0.0018270618747919798,0.013937246054410934,0.10946960747241974,1637174721.652712,0
0.9920969009399414,0.007335355971008539,0.01665482483804226,0.10972364246845245,1637174721.772288,0
0.9921697378158569,0.0043130721896886826,0.011705733835697174,0.10986839979887009,1637174721.892849,0
0.9921655654907227,0.00026755480212159455,0.011529444716870785,0.11000793427228928,1637174722.01356,0
0.9921232461929321,-0.009362523443996906,0.010236047208309174,0.11011968553066254,1637174722.072541,0
0.9920675754547119,-0.0030903471633791924,0.014445288106799126,0.11050381511449814,1637174722.192936,0
0.9920973777770996,0.0035451350267976522,0.010880164802074432,0.11063122004270554,1637174722.312342,0
0.992117702960968,0.0028635086491703987,0.007841340266168118,0.11072607338428497,1637174722.492683,0
0.992026686668396,-0.011788133531808853,0.009905870072543621,0.11078573763370514,1637174722.552463,0
0.9920562505722046,-0.007910129614174366,0.007228081580251455,0.11107541620731354,1637174722.726618,0
0.9919826984405518,-0.0013604939449578524,0.01357145793735981,0.11140629649162292,1637174722.850958,0
0.9919995069503784,0.005985411815345287,0.009206227958202362,0.11155173927545547,1637174722.912361,0
0.9920226335525513,-0.0018117270665243268,0.007259575184434652,0.11164020001888275,1637174723.033703,0
0.9919585585594177,-0.0005093906074762344,0.012452136725187302,0.11176120489835739,1637174723.151194,0
0.9919016361236572,-0.005003788974136114,0.013755596242845058,0.11200349777936935,1637174723.330891,0
0.9918835759162903,0.00458776019513607,0.012766499072313309,0.11229393631219864,1637174723.395847,0
0.9919083118438721,-0.0040047955699265,0.010484420694410801,0.11234145611524582,1637174723.516156,0
0.9918605089187622,-0.0010414328426122665,0.012130544520914555,0.11265722662210464,1637174723.63283,0
0.991777777671814,0.0011637224815785885,0.015797600150108337,0.1129290908575058,1637174723.753384,0
0.9917497634887695,0.005186999682337046,0.015336298383772373,0.11312466859817505,1637174723.872567,0
0.9918269515037537,-0.004699517972767353,0.009083214215934277,0.11315016448497772,1637174723.991314,0
0.9915834069252014,-0.010455477051436901,0.02097526378929615,0.11331178992986679,1637174724.11215,0
0.9916459321975708,-0.0018186181550845504,0.01861601695418358,0.11364542692899704,1637174724.232877,0
0.9916841387748718,0.0063670058734714985,0.014160627499222755,0.11379159241914749,1637174724.292851,0
0.9916828274726868,0.006586791947484016,0.012987637892365456,0.11393086612224579,1637174724.412811,0
0.9917466044425964,-0.0009648373816162348,0.006688031833618879,0.11410960555076599,1637174724.532689,0
0.9916849732398987,-0.0076790424063801765,0.007498899474740028,0.11434047669172287,1637174724.652806,0
0.9916093349456787,-0.004389675334095955,0.013459925539791584,0.11462169885635376,1637174724.773134,0
0.9915520548820496,0.0028655549976974726,0.01637464575469494,0.1147833839058876,1637174724.893383,0
0.9915707111358643,-0.008719860576093197,0.012968375347554684,0.11476629227399826,1637174725.013549,0
0.991557776927948,-0.00886970292776823,0.011836385354399681,0.11498622596263885,1637174725.133384,0
0.9914948344230652,0.005224337335675955,0.01524985209107399,0.11534883081912994,1637174725.252045,0
0.9915039539337158,0.002074340358376503,0.013454779982566833,0.1155930757522583,1637174725.373508,0
0.9915232062339783,0.0019183163531124592,0.008188939653337002,0.11592673510313034,1637174725.493687,0
0.9914743304252625,0.002618313068524003,0.011626509949564934,0.11603712290525436,1637174725.611029,0
0.9914318919181824,-0.0015238829655572772,0.013452294282615185,0.11621773988008499,1637174725.67324,0
0.9914149045944214,-0.0007322939927689731,0.01253802701830864,0.11647669225931168,1637174725.791076,0
0.9913418889045715,-0.006934423930943012,0.013870502822101116,0.11673863232135773,1637174725.970964,0
0.9913756251335144,-0.006412293761968613,0.009859372861683369,0.11689285933971405,1637174726.03136,0
0.9913510680198669,-0.005123126786202192,0.009243035688996315,0.11721588671207428,1637174726.15154,0
0.9912596344947815,-0.002727074548602104,0.013336594216525555,0.11767233163118362,1637174726.27181,0
0.9912577271461487,-0.0007861730991862714,0.011454587802290916,0.1179167702794075,1637174726.391197,0
0.9912554621696472,-0.003610018640756607,0.008235285058617592,0.11815178394317627,1637174726.511546,0
0.9911901354789734,-1.429182339052204e-05,0.013570626266300678,0.1182587668299675,1637174726.630933,0
0.9911611080169678,-0.006606064271181822,0.013183224946260452,0.11836264282464981,1637174726.693181,0
0.9911687970161438,-0.010324740782380104,0.007275931071490049,0.11854317784309387,1637174726.859,0
0.9911189079284668,-0.0020447897259145975,0.013532739132642746,0.11884048581123352,1637174726.990507,0
0.99114990234375,-0.0006860207649879158,0.009611488319933414,0.11898158490657806,1637174727.053289,0
0.9911049008369446,0.00139392982237041,0.01149889174848795,0.119186170399189,1637174727.173349,0
0.9910402894020081,-0.006457414943724871,0.012363574467599392,0.11946306377649307,1637174727.342897,0
0.9909860491752625,0.0016506323590874672,0.015998011454939842,0.11964522302150726,1637174727.413554,0
0.9910849928855896,0.002370265545323491,0.0006380624836310744,0.11988581717014313,1637174727.533716,0
0.9909988045692444,-0.0038744399789720774,0.011542166583240032,0.1200077086687088,1637174727.653022,0
0.9909955263137817,-0.0035270729567855597,0.010358917526900768,0.12015166133642197,1637174727.774648,0
0.9909753799438477,0.004325966350734234,0.008934388868510723,0.12040159851312637,1637174727.893554,0
0.9909010529518127,0.004804396536201239,0.01331500057131052,0.12058918178081512,1637174728.01275,0
0.9909133911132812,-0.0009508546791039407,0.012125427834689617,0.12070710211992264,1637174728.131989,0
0.9909252524375916,0.0037566262762993574,0.009695949964225292,0.12077447026968002,1637174728.250991,0
0.9909358024597168,-0.000985494232736528,0.007027968764305115,0.120930977165699,1637174728.42438,0
0.9908619523048401,-0.007497368846088648,0.009513864293694496,0.12113313376903534,1637174728.492133,0
0.9908444285392761,-0.0022417325526475906,0.01103286538273096,0.12135963141918182,1637174728.611438,0
0.9908432364463806,-0.002896467223763466,0.008238432928919792,0.12157899886369705,1637174728.730536,0
0.9908077120780945,-0.001738672610372305,0.010655080899596214,0.12170282006263733,1637174728.851668,0
0.990759551525116,-0.006246671546250582,0.01114406157284975,0.12190080434083939,1637174728.971896,0
0.990783154964447,-0.006608563009649515,0.008403506129980087,0.12191030383110046,1637174729.091815,0
0.9907650351524353,0.0034903911873698235,0.009560056030750275,0.1221017837524414,1637174729.207653,0
0.9907836318016052,-0.006050411611795425,0.004082194529473782,0.12215931713581085,1637174729.32467,0
0.9907544851303101,0.0032776796724647284,0.00540818041190505,0.12245021760463715,1637174729.393043,0
0.9907174706459045,-0.006046992260962725,0.006515417248010635,0.12258705496788025,1637174729.512189,0
0.9907252192497253,1.9368915218365146e-06,0.005311775021255016,0.12273390591144562,1637174729.691068,0
0.9907046556472778,-0.0006618705810979009,0.003816234180703759,0.12295202910900116,1637174729.753082,0
0.9906390309333801,-0.0005078920512460172,0.009683973155915737,0.12316007912158966,1637174729.873716,0
0.9906404614448547,0.003645953256636858,0.007255764212459326,0.12326174974441528,1637174729.992978,0
0.9906065464019775,0.0018605211516842246,0.011386668309569359,0.12325811386108398,1637174730.110972,0
0.9905980825424194,-0.007149764336645603,0.008961179293692112,0.12333408743143082,1637174730.172967,0
0.990641713142395,-0.004103001672774553,0.0035202736034989357,0.12340304255485535,1637174730.292217,0
0.9905632138252258,0.003309499705210328,0.009106294251978397,0.12376830726861954,1637174730.412169,0
0.9905940890312195,-0.0025418498553335667,0.00460772542282939,0.12378960102796555,1637174730.532794,0
0.9905176162719727,-0.011072715744376183,0.006244485732167959,0.12385722249746323,1637174730.652395,0
0.9904864430427551,0.00014558692055288702,0.012313604354858398,0.12414849549531937,1637174730.785707,0
0.9904407858848572,0.006725165527313948,0.012934556230902672,0.12426429241895676,1637174730.894331,0
0.9905157685279846,0.0007497885380871594,0.004996201489120722,0.124422587454319,1637174731.014033,0
0.9904574751853943,-0.009206312708556652,0.00682404637336731,0.12445994466543198,1637174731.132223,0
0.9904740452766418,-0.006622722838073969,0.0031805471517145634,0.12464098632335663,1637174731.250912,0
0.9904066920280457,-0.0014830470317974687,0.010875558480620384,0.12490799278020859,1637174731.313201,0
0.9903682470321655,0.006965239532291889,0.009928179904818535,0.12510329484939575,1637174731.432462,0
0.9903098940849304,-0.009625512175261974,0.013789836317300797,0.12502165138721466,1637174731.611651,0
0.9903324842453003,-0.0015331171452999115,0.011016403324902058,0.1254854053258896,1637174731.672863,0
0.9903013110160828,0.002089157933369279,0.0103622330352664,0.12577874958515167,1637174731.793058,0
0.9903292655944824,-0.003456196514889598,0.0066423420794308186,0.1257771998643875,1637174731.912605,0
0.9902869462966919,-0.009045664221048355,0.006298583932220936,0.12584823369979858,1637174732.032992,0
0.9902206659317017,0.0025572350714355707,0.014230001717805862,0.126020148396492,1637174732.151808,0
0.9902310371398926,-0.0019882903434336185,0.011975730769336224,0.12618784606456757,1637174732.271442,0
0.990187406539917,0.005276015028357506,0.011221569031476974,0.12650224566459656,1637174732.392398,0
0.9901739358901978,-0.007089950609952211,0.01059480756521225,0.12657393515110016,1637174732.511992,0
0.9901694059371948,0.0011605318868532777,0.00845086108893156,0.12696333229541779,1637174732.631305,0
0.9901233315467834,0.0015924297040328383,0.010079866275191307,0.12719868123531342,1637174732.751605,0
0.9900978207588196,0.002589543117210269,0.008719234727323055,0.1274825483560562,1637174732.873074,0
0.9900157451629639,-0.007280981633812189,0.012794284150004387,0.1275898963212967,1637174732.991612,0
0.9900547862052917,0.001945391413755715,0.008238241076469421,0.12786059081554413,1637174733.111666,0
0.9900102019309998,-0.0018325995188206434,0.009122784249484539,0.12814682722091675,1637174733.231404,0
0.989941418170929,-0.0026814937591552734,0.012820439413189888,0.12834155559539795,1637174733.351407,0
0.98992520570755,0.0031242091208696365,0.011241921223700047,0.12860992550849915,1637174733.470412,0
0.9899422526359558,-0.0026966575533151627,0.008932969532907009,0.12866845726966858,1637174733.533405,0
0.9899219274520874,-0.0011351394932717085,0.008033239282667637,0.12890449166297913,1637174733.652192,0
0.9898327589035034,-0.00100728461984545,0.01340658962726593,0.12914514541625977,1637174733.775191,0
0.9898325204849243,-0.0028017344884574413,0.0112912030890584,0.12932489812374115,1637174733.893165,0
0.989831268787384,-0.00163628114387393,0.010146014392375946,0.12944567203521729,1637174733.952169,0
0.9897953271865845,-0.0011541113490238786,0.0112014040350914,0.12963619828224182,1637174734.073069,0
0.9897931814193726,-0.002894067671149969,0.007237360812723637,0.12991179525852203,1637174734.250279,0
0.9897496700286865,-0.00499249342828989,0.008954127319157124,0.13007237017154694,1637174734.313283,0
0.9896944165229797,-0.007162642665207386,0.011490831151604652,0.13018916547298431,1637174734.433283,0
0.9896609783172607,-0.007528533227741718,0.010459113866090775,0.13050886988639832,1637174734.606603,0
0.9895957708358765,-0.0016706889728084207,0.013575298711657524,0.1309243142604828,1637174734.673888,0
0.9896161556243896,-0.0018543909536674619,0.007089415565133095,0.13128091394901276,1637174734.793271,0
0.9894663095474243,-0.008702078834176064,0.01543198898434639,0.13141292333602905,1637174734.913726,0
0.9895505309104919,-0.0018280618824064732,0.010013211518526077,0.13158313930034637,1637174735.031586,0
0.9895173907279968,0.00025380164152011275,0.01150454394519329,0.1317230463027954,1637174735.091275,0
0.9894345998764038,0.002159858588129282,0.015511905774474144,0.13191507756710052,1637174735.213255,0
0.9894473552703857,-0.007427074480801821,0.01051414292305708,0.13211886584758759,1637174735.332991,0
0.9894457459449768,-0.00492573669180274,0.010267105884850025,0.13227075338363647,1637174735.451042,0
0.9893741011619568,-0.0034629988949745893,0.01393077801913023,0.13251659274101257,1637174735.512783,0
0.9893110990524292,0.0008899609674699605,0.016484778374433517,0.1327379196882248,1637174735.691111,0
0.9893755316734314,-0.007663711905479431,0.008044859394431114,0.1328166127204895,1637174735.754238,0
0.9892967939376831,-0.005339982453733683,0.01386166550219059,0.13303619623184204,1637174735.873011,0
0.9893223643302917,-0.002270114840939641,0.010059554129838943,0.13327959179878235,1637174736.039232,0
0.9892858266830444,-0.004878067411482334,0.011991617269814014,0.1333196759223938,1637174736.111465,0
0.989273190498352,0.0007533413590863347,0.01158719602972269,0.13353592157363892,1637174736.23202,0
0.989178478717804,-0.004128733649849892,0.015864919871091843,0.1337341070175171,1637174736.351575,0
0.989202082157135,0.00023818390036467463,0.012970903888344765,0.1339360773563385,1637174736.412579,0
0.9892324805259705,0.00014917446242179722,0.008645300753414631,0.13406312465667725,1637174736.532625,0
0.9891935586929321,-0.0008186523336917162,0.009243451990187168,0.13430450856685638,1637174736.651062,0
0.9891263842582703,0.004807179793715477,0.010125176049768925,0.13465265929698944,1637174736.771217,0
0.9890607595443726,-0.003745784517377615,0.015084064565598965,0.1347019374370575,1637174736.892866,0
0.9891132712364197,-0.0022883506026118994,0.009141960181295872,0.1348835527896881,1637174737.011216,0
0.9891062378883362,-0.0030129875522106886,0.006148726679384708,0.13509410619735718,1637174737.132324,0
0.9890197515487671,-0.003250003792345524,0.0129569536074996,0.13523587584495544,1637174737.251676,0
0.9890193343162537,-0.0016294566448777914,0.011039983481168747,0.13543999195098877,1637174737.371926,0
0.9889827966690063,0.001706467242911458,0.011079901829361916,0.1357024610042572,1637174737.49038,0
0.9889491200447083,-0.008928020484745502,0.009843741543591022,0.13576088845729828,1637174737.55364,0
0.9889428615570068,-0.0016014236025512218,0.01104597095400095,0.1360001564025879,1637174737.675089,0
0.9889057278633118,0.0009616771130822599,0.012859361246228218,0.13611605763435364,1637174737.797683,0
0.9888870716094971,0.0032775590661913157,0.012510668486356735,0.13624362647533417,1637174737.917681,0
0.988899290561676,-0.0010187352309003472,0.009386278688907623,0.13644234836101532,1637174738.036679,0
0.9888765811920166,-0.0020601993892341852,0.007799327373504639,0.13669727742671967,1637174738.212408,0
0.9888384938240051,-0.005565372761338949,0.007198191713541746,0.13690674304962158,1637174738.332406,0
0.988798201084137,-0.0014160329010337591,0.010157223790884018,0.13711823523044586,1637174738.45299,0
0.9886903762817383,0.0037210648879408836,0.014435219578444958,0.13746435940265656,1637174738.572405,0
0.9887255430221558,-0.0058396123349666595,0.010286130011081696,0.13751307129859924,1637174738.640397,0
0.9886348247528076,-0.0009009468485601246,0.01746661588549614,0.13755793869495392,1637174738.762396,0
0.9886549115180969,0.001075694221071899,0.013867462985217571,0.13782867789268494,1637174738.933406,0
0.9886607527732849,-0.0035329917445778847,0.01353348046541214,0.13777801394462585,1637174739.0524,0
0.9886980056762695,0.0023999938275665045,0.00582968769595027,0.13807450234889984,1637174739.171489,0
0.9886411428451538,-0.0005669250385835767,0.011121131479740143,0.138175830245018,1637174739.290645,0
0.9886130094528198,-0.004113090690225363,0.011622109450399876,0.13827718794345856,1637174739.404222,0
0.9886144995689392,0.0039508710615336895,0.008383099921047688,0.13850529491901398,1637174739.473031,0
0.9886001348495483,-0.0028471914120018482,0.007616659160703421,0.13867799937725067,1637174739.592416,0
0.9885745048522949,-0.006386354099959135,0.005846901796758175,0.13882923126220703,1637174739.710552,0
0.9885176420211792,-0.0017919681267812848,0.008735551498830318,0.13921639323234558,1637174739.831896,0
0.9884924292564392,-0.0008113133371807635,0.010568655095994473,0.13927914202213287,1637174739.951684,0
0.9884415864944458,0.003066759556531906,0.013544341549277306,0.13934668898582458,1637174740.012334,0
0.9884586930274963,-0.007594139315187931,0.006717872340232134,0.13955199718475342,1637174740.191132,0
0.9883767366409302,0.002412948990240693,0.014532232657074928,0.1397218555212021,1637174740.254047,0
0.9884117841720581,-0.006453754846006632,0.009233650751411915,0.13979586958885193,1637174740.372587,0
0.9883918762207031,0.004073056858032942,0.00897086039185524,0.14004653692245483,1637174740.490972,0
0.988388180732727,-0.0008646222995594144,0.010437275283038616,0.14002609252929688,1637174740.551232,0
0.9882550835609436,-0.013781272806227207,0.011509646661579609,0.1402023285627365,1637174740.673153,0
0.9883003234863281,0.004817604552954435,0.009809420444071293,0.1406111717224121,1637174740.792941,0
0.9883142709732056,-0.0005561216385103762,0.0069193714298307896,0.14076557755470276,1637174740.911976,0
0.98828125,-0.002669357694685459,0.008887244388461113,0.14086192846298218,1637174741.041044,0
0.9882498383522034,-0.007395557593554258,0.007409869227558374,0.14099740982055664,1637174741.153604,0
0.9882246255874634,0.0006701188976876438,0.009625359438359737,0.14123526215553284,1637174741.27336,0
0.9882015585899353,0.0006982367485761642,0.009880595840513706,0.14137721061706543,1637174741.392796,0
0.9882011413574219,0.0005860443925485015,0.007557023782283068,0.14152313768863678,1637174741.513336,0
0.9881623387336731,0.00041527263238094747,0.010388650000095367,0.14161543548107147,1637174741.632136,0
0.988124668598175,-0.005738598294556141,0.010233604349195957,0.14177440106868744,1637174741.752296,0
0.9880757331848145,0.0010500048520043492,0.013954424299299717,0.14190630614757538,1637174741.872769,0
0.9881095886230469,0.0037291194312274456,0.008864546194672585,0.14204077422618866,1637174741.986714,0
0.9880998134613037,0.0018560223979875445,0.006922703702002764,0.14225150644779205,1637174742.053947,0
0.9880729913711548,-0.009186120703816414,0.0022072105202823877,0.142303466796875,1637174742.172792,0
0.9880149960517883,-0.002437717979773879,0.011796548962593079,0.14250826835632324,1637174742.293601,0
0.9879717230796814,-0.006480989046394825,0.011805190704762936,0.14268313348293304,1637174742.410635,0
0.9879765510559082,0.0064365738071501255,0.006471092347055674,0.14299221336841583,1637174742.472611,0
0.9880025386810303,-0.0010581323876976967,0.002515898086130619,0.14307953417301178,1637174742.593221,0
0.9879672527313232,-0.0012015749234706163,0.008552692830562592,0.14308592677116394,1637174742.71122,0
0.9879353046417236,-0.004474571440368891,0.007887340150773525,0.14328189194202423,1637174742.820266,0
0.9878993034362793,0.00286104460246861,0.009910409338772297,0.1434435397386551,1637174742.892664,0
0.9878618121147156,0.001229153131134808,0.012106919661164284,0.1435595452785492,1637174743.011842,0
0.9878345727920532,-0.002212461084127426,0.012988661415874958,0.1436537802219391,1637174743.13202,0
0.9878910779953003,-0.0036711811553686857,0.007173462770879269,0.1436484158039093,1637174743.250958,0
0.9878653287887573,-0.004091686103492975,0.009152316488325596,0.14369814097881317,1637174743.255923,0
0.9878419041633606,-0.0009667761623859406,0.0066834730096161366,0.14405317604541779,1637174743.391217,0
0.9877153635025024,-0.01100488193333149,0.00895744375884533,0.1443750262260437,1637174743.553273,0
0.987712562084198,-0.004697640426456928,0.011751974001526833,0.14453695714473724,1637174743.720337,0
0.9877201914787292,-0.0054525635205209255,0.005972640588879585,0.14481623470783234,1637174743.836316,0
0.9876858592033386,-0.005126718431711197,0.008750047534704208,0.14491847157478333,1637174743.856749,0
0.9876629710197449,-0.004957194440066814,0.006702831014990807,0.14519260823726654,1637174744.032251,0
0.9876255393028259,-0.00634394446387887,0.007839295081794262,0.14533481001853943,1637174744.153004,0
0.9875877499580383,-0.00027714011957868934,0.009618163108825684,0.14562062919139862,1637174744.272511,0
0.98755943775177,-0.0057246205396950245,0.010010258294641972,0.14567407965660095,1637174744.394417,0
0.9875005483627319,-0.0026294540148228407,0.013274062424898148,0.14590011537075043,1637174744.531428,0
0.9875563383102417,-0.00590848084539175,0.0050201709382236,0.14594650268554688,1637174744.630415,0
0.9875449538230896,-0.0051597305573523045,0.004075969103723764,0.14608164131641388,1637174744.751418,0
0.9874880909919739,0.0024970623198896646,0.008549562655389309,0.14634297788143158,1637174744.815427,0
0.9874439835548401,0.0009236795594915748,0.011661949567496777,0.14644353091716766,1637174744.992426,0
0.9873911142349243,-0.00044269353384152055,0.015169802121818066,0.1464768797159195,1637174745.051419,0
0.9874022006988525,-0.012566699646413326,0.006272579543292522,0.14651623368263245,1637174745.173443,0
0.9874275922775269,-0.002530656987801194,0.007470499724149704,0.14680953323841095,1637174745.293479,0
0.9874152541160583,0.003642273135483265,0.005222070962190628,0.14696404337882996,1637174745.413414,0
0.9873416423797607,-0.0022350745275616646,0.010557032190263271,0.1471998244524002,1637174745.531416,0
0.9872793555259705,-0.003341221483424306,0.011237271130084991,0.14754429459571838,1637174745.653415,0
0.9872579574584961,-0.0021304369438439608,0.011167229153215885,0.14771638810634613,1637174745.772421,0
0.9872486591339111,0.003699874272570014,0.00972059741616249,0.1478509157896042,1637174745.890507,0
0.9872381687164307,-0.0017640740843489766,0.00841954443603754,0.148036926984787,1637174745.953495,0
0.9871783256530762,-0.006057056598365307,0.010131334885954857,0.14821316301822662,1637174746.131484,0
0.9871534705162048,-0.00011428198195062578,0.011085974983870983,0.14843522012233734,1637174746.193495,0
0.987164318561554,-0.0011930089676752687,0.009436237625777721,0.14847399294376373,1637174746.255489,0
0.9871301054954529,0.004378252197057009,0.009706028737127781,0.1486223191022873,1637174746.387484,0
0.9870389103889465,-0.001602493110112846,0.011612145230174065,0.14914686977863312,1637174746.55509,0
0.9870142936706543,-0.0006387746543623507,0.012180245481431484,0.14927135407924652,1637174746.671829,0
0.9870128035545349,0.000497329980134964,0.00982822198420763,0.14945727586746216,1637174746.792033,0
0.987000048160553,-0.006743584759533405,0.004776543006300926,0.14963623881340027,1637174746.913011,0
0.9868902564048767,0.0006533692358061671,0.013375749811530113,0.14998911321163177,1637174747.032164,0
0.9869236350059509,0.0010891532292589545,0.008705887012183666,0.15010976791381836,1637174747.151094,0
0.9888434410095215,0.006383387837558985,0.01516512967646122,0.13618671894073486,1637174747.274014,0
0.9905585646629333,0.00871584378182888,0.01522535178810358,0.12294269353151321,1637174747.393522,0
0.9838445782661438,0.06141483038663864,0.034194719046354294,0.15406784415245056,1637174747.513484,0
0.9741374850273132,0.09956168383359909,0.0815836638212204,0.17637336254119873,1637174747.63291,0
0.9604694843292236,0.1677301973104477,0.12849265336990356,0.1717125028371811,1637174747.753763,0
0.9236997365951538,0.2945733368396759,0.15598534047603607,0.1799357533454895,1637174747.873167,0
0.9035930633544922,0.3424968123435974,0.16449159383773804,0.18952490389347076,1637174747.990801,0
0.8420442938804626,0.46021702885627747,0.176637202501297,0.21160238981246948,1637174748.056818,0
0.7845783829689026,0.538215696811676,0.2032320201396942,0.22422045469284058,1637174748.177024,0
0.745692253112793,0.5831514000892639,0.2213164120912552,0.22736340761184692,1637174748.296122,0
0.729205846786499,0.6028196811676025,0.2228168100118637,0.2281595766544342,1637174748.412102,0
0.7168124318122864,0.6166569590568542,0.22758018970489502,0.22566889226436615,1637174748.53135,0
0.6958200335502625,0.6408602595329285,0.22750835120677948,0.22404727339744568,1637174748.651641,0
0.6843374371528625,0.6539333462715149,0.22982750833034515,0.21914076805114746,1637174748.771913,0
0.6839542388916016,0.6545417308807373,0.23386232554912567,0.21406503021717072,1637174748.847377,0
0.7060714960098267,0.6343620419502258,0.22128359973430634,0.21660752594470978,1637174749.070388,0
0.7105356454849243,0.6318634748458862,0.2132720649242401,0.21696144342422485,1637174749.131377,0
0.7026744484901428,0.6391050815582275,0.216294527053833,0.218296617269516,1637174749.252985,0
0.7179579138755798,0.6237269043922424,0.21588841080665588,0.2137087732553482,1637174749.373257,0
0.717703640460968,0.6235272884368896,0.2238636612892151,0.20681148767471313,1637174749.49349,0
0.7240602970123291,0.6157858371734619,0.22162184119224548,0.2099403589963913,1637174749.552218,0
0.7337032556533813,0.603379487991333,0.23436373472213745,0.19831448793411255,1637174749.673763,0
0.7452430725097656,0.5753806233406067,0.2937198877334595,0.1553686112165451,1637174749.793436,0
0.7479073405265808,0.5603311061859131,0.32976773381233215,0.12064352631568909,1637174749.854028,0
0.7852600812911987,0.38507747650146484,0.48049435019493103,-0.028743047267198563,1637174750.031932,0
0.7872498631477356,0.3592187464237213,0.4957486689090729,-0.045508891344070435,1637174750.091528,0
0.7871793508529663,0.2525237202644348,0.5480189323425293,-0.1134895607829094,1637174750.271053,0
0.7770642638206482,0.20563958585262299,0.5740914940834045,-0.14467619359493256,1637174750.333404,0
0.756093442440033,0.19195982813835144,0.6001062393188477,-0.16722966730594635,1637174750.45322,0
0.756093442440033,0.19195982813835144,0.6001062393188477,-0.16722966730594635,1637174750.45322,0
0.7380985021591187,0.18376076221466064,0.6209325790405273,-0.18050134181976318,1637174750.575336,0
0.6928411722183228,0.18865010142326355,0.6707516312599182,-0.17697207629680634,1637174750.708065,0
0.6519982814788818,0.19798360764980316,0.7113447189331055,-0.1622358113527298,1637174750.871163,0
0.653595507144928,0.20670241117477417,0.709050178527832,-0.15556278824806213,1637174750.941159,0
0.657478392124176,0.20435400307178497,0.7053462266921997,-0.15857680141925812,1637174751.053808,0
0.6538524627685547,0.19956523180007935,0.7100430130958557,-0.15853701531887054,1637174751.230515,0
0.6565797328948975,0.19948013126850128,0.7075513005256653,-0.1584998518228531,1637174751.292518,0
0.6602692008018494,0.20336878299713135,0.7039604783058167,-0.15409187972545624,1637174751.355436,0
0.6613579988479614,0.2037256807088852,0.7034823894500732,-0.1511317938566208,1637174751.483356,0
0.660616934299469,0.1992540955543518,0.7048541307449341,-0.15474523603916168,1637174751.593464,0
0.6522004008293152,0.19558562338352203,0.7131212949752808,-0.1572018712759018,1637174751.713465,0
0.6598729491233826,0.19374264776706696,0.7066564559936523,-0.1565958857536316,1637174751.835622,0
0.6554072499275208,0.19385169446468353,0.7112760543823242,-0.1535824090242386,1637174751.954638,0
0.6554072499275208,0.19385169446468353,0.7112760543823242,-0.1535824090242386,1637174751.954638,0
0.6558919548988342,0.1925605684518814,0.7122471928596497,-0.14928202331066132,1637174752.252625,0
0.6552550196647644,0.19319674372673035,0.7127537727355957,-0.14808830618858337,1637174752.269633,0
0.6555846333503723,0.19390779733657837,0.7130754590034485,-0.14482592046260834,1637174752.440615,0
0.6596279144287109,0.19194212555885315,0.7094464302062988,-0.14619967341423035,1637174752.612626,0
0.6576579809188843,0.19145467877388,0.7112128138542175,-0.14785024523735046,1637174752.735956,0
0.6573123931884766,0.18906085193157196,0.7114819884300232,-0.1510762870311737,1637174752.796923,0
0.656162440776825,0.19624063372612,0.7118982672691345,-0.14414624869823456,1637174752.972932,0
0.6586377024650574,0.20235928893089294,0.7080075144767761,-0.14356759190559387,1637174753.03192,0
0.6884111762046814,0.27578604221343994,0.6605687737464905,-0.10195864737033844,1637174753.152919,0
0.6995583772659302,0.39114511013031006,0.5952226519584656,-0.002565179020166397,1637174753.33526,0
0.7042863965034485,0.5045011043548584,0.48220178484916687,0.11648577451705933,1637174753.453878,0
0.698955774307251,0.5424668788909912,0.42794927954673767,0.17514483630657196,1637174753.573323,0
0.6979529857635498,0.5653617978096008,0.38000214099884033,0.21321158111095428,1637174753.69077,0
0.6921042203903198,0.5894961357116699,0.3289070725440979,0.24890251457691193,1637174753.811565,0
0.6864835619926453,0.5975117087364197,0.3107183575630188,0.26794660091400146,1637174753.931722,0
0.689498245716095,0.593804657459259,0.31662654876708984,0.2614881992340088,1637174754.054113,0
0.6916913390159607,0.5911341309547424,0.319763720035553,0.25790563225746155,1637174754.174105,0
0.6922534704208374,0.5905489921569824,0.3179190158843994,0.2600157558917999,1637174754.292306,0
0.6968569159507751,0.585789144039154,0.3132566213607788,0.2641136348247528,1637174754.413578,0
0.6849159598350525,0.5989189743995667,0.31311821937561035,0.2665058374404907,1637174754.536884,0
0.6879159808158875,0.5951734781265259,0.313596248626709,0.2663286328315735,1637174754.651636,0
0.6887538433074951,0.5938599705696106,0.31719404458999634,0.2629784643650055,1637174754.771811,0
0.6906718015670776,0.5929722189903259,0.30945268273353577,0.26877400279045105,1637174754.893164,0
0.6954498291015625,0.5878831148147583,0.3168833255767822,0.2587709128856659,1637174755.013146,0
0.7207852602005005,0.5761445760726929,0.3060750365257263,0.22728830575942993,1637174755.133989,0
0.7733676433563232,0.5332507491111755,0.30038291215896606,0.15478786826133728,1637174755.252488,0
0.832653284072876,0.4629243016242981,0.28661924600601196,0.0829675942659378,1637174755.373559,0
0.8794058561325073,0.38210639357566833,0.2776084840297699,0.014729781076312065,1637174755.4934,0
0.9248974919319153,0.28701820969581604,0.23341034352779388,-0.06593873351812363,1637174755.612915,0
0.9511939883232117,0.2089383602142334,0.19014744460582733,-0.10981674492359161,1637174755.734961,0
0.9641270041465759,0.16171878576278687,0.15375515818595886,-0.13154935836791992,1637174755.851139,0
0.9732023477554321,0.13249309360980988,0.1158355176448822,-0.13617315888404846,1637174755.971349,0
0.9753241539001465,0.12085717916488647,0.1094745621085167,-0.13707230985164642,1637174756.091353,0
0.9833908677101135,0.07474038749933243,0.05398184433579445,-0.14517535269260406,1637174756.211107,0
0.9854130744934082,0.0523003526031971,0.031418826431035995,-0.14788663387298584,1637174756.27476,0
0.9864988327026367,0.014535728842020035,-0.0016270391643047333,-0.15243008732795715,1637174756.397768,0
0.985602617263794,-0.014169457368552685,-0.04717714712023735,-0.15095263719558716,1637174756.572819,0
0.9840364456176758,-0.020495589822530746,-0.07022204995155334,-0.15147194266319275,1637174756.691759,0
0.9837638735771179,0.0028735764790326357,-0.06908489018678665,-0.15510953962802887,1637174756.787761,0
0.9831638932228088,0.00238760351203382,-0.0459054633975029,-0.16703425347805023,1637174756.992783,0
0.9832980036735535,0.009556486271321774,0.02384982630610466,-0.17056119441986084,1637174757.110759,0
0.9835288524627686,-0.003200332634150982,0.01681969128549099,-0.17030677199363708,1637174757.176766,0
0.9835671186447144,0.003604774596169591,0.016479989513754845,-0.17011170089244843,1637174757.29372,0
0.9835495948791504,0.006154318805783987,0.019880099222064018,-0.16977649927139282,1637174757.413727,0
0.9837765693664551,0.0015021261060610414,0.006758927833288908,-0.16959916055202484,1637174757.538724,0
0.9837353825569153,0.0035725829657167196,0.015551401302218437,-0.16923034191131592,1637174757.712729,0
0.9837089776992798,0.0046765790320932865,0.018425332382321358,-0.16906291246414185,1637174757.835682,0
0.9838078022003174,0.0030720653012394905,0.014978712424635887,-0.1688687950372696,1637174757.959593,0
0.9838870763778687,0.0031418974976986647,0.010396541096270084,-0.16874928772449493,1637174758.071548,0
0.9838978052139282,0.001939381705597043,0.012401219457387924,-0.1685667335987091,1637174758.252336,0
0.9839341640472412,-0.00208094110712409,0.012795910239219666,-0.16832445561885834,1637174758.372546,0
0.9839619398117065,-0.0010146228596568108,0.013460882939398289,-0.16812220215797424,1637174758.492545,0
0.983819842338562,0.0025857898872345686,0.023493725806474686,-0.16783064603805542,1637174758.611539,0
0.983994722366333,0.0057789478451013565,0.015567060559988022,-0.16764716804027557,1637174758.733552,0
0.9840417504310608,0.0037856437265872955,0.016616806387901306,-0.16732701659202576,1637174758.853549,0
0.9841400384902954,-0.0038665179163217545,0.010545538738369942,-0.16724354028701782,1637174758.971539,0
0.9841302633285522,-0.003651050617918372,0.013135240413248539,-0.16712234914302826,1637174759.032547,0
0.9841347932815552,7.550363807240501e-05,0.015465409494936466,-0.166937917470932,1637174759.153539,0
0.9842368364334106,0.003258949378505349,0.0107142124325037,-0.16667471826076508,1637174759.331542,0
0.9842824935913086,0.000264515052549541,0.009283902123570442,-0.16652318835258484,1637174759.396565,0
0.9842739105224609,0.00034537987085059285,0.014341277070343494,-0.16621658205986023,1637174759.513679,0
0.9843049645423889,0.004249854478985071,0.014679796062409878,-0.16594259440898895,1637174759.632881,0
0.9843296408653259,-0.002517764223739505,0.015010693110525608,-0.16580751538276672,1637174759.751558,0
0.9844249486923218,-0.0016328449128195643,0.010258861817419529,-0.16561400890350342,1637174759.872936,0
0.9843695163726807,0.0009238290949724615,0.01553719025105238,-0.1655336320400238,1637174759.93141,0
0.9843732118606567,-0.0008270100806839764,0.01668407954275608,-0.1654072403907776,1637174760.051989,0
0.9844287633895874,0.00100017711520195,0.014983625151216984,-0.16523650288581848,1637174760.173138,0
0.9844127297401428,0.002596439328044653,0.018117960542440414,-0.16499507427215576,1637174760.291301,0
0.9845237731933594,-0.000996564282104373,0.01139274425804615,-0.1649567186832428,1637174760.410308,0
0.9845514297485352,0.0044303094036877155,0.011266812682151794,-0.1647421419620514,1637174760.470886,0
0.9844850897789001,0.000828369113150984,0.018282849341630936,-0.16456328332424164,1637174760.592607,0
0.984538197517395,0.002044215565547347,0.01721065118908882,-0.16435517370700836,1637174760.712003,0
0.9846305251121521,-0.0015108257066458464,0.013136413879692554,-0.16417953372001648,1637174760.831176,0
0.9846522808074951,0.0036169334780424833,0.013744047842919827,-0.16397278010845184,1637174760.89311,0
0.9846060276031494,0.003525396576151252,0.019263701513409615,-0.16368913650512695,1637174761.013798,0
0.9845945835113525,0.0029236290138214827,0.02065657079219818,-0.1636018455028534,1637174761.131981,0
0.9847646355628967,-0.0019915124867111444,0.01125898864120245,-0.16350841522216797,1637174761.192744,0
0.984773576259613,-0.002923469990491867,0.013095824979245663,-0.16330687701702118,1637174761.313111,0
0.9847711324691772,0.003520119935274124,0.015487589873373508,-0.16309742629528046,1637174761.434209,0
0.9848296642303467,0.005662163253873587,0.013287162408232689,-0.1628807783126831,1637174761.552473,0
0.9848616123199463,0.007211767137050629,0.011555582284927368,-0.16275742650032043,1637174761.670884,0
0.9848355650901794,0.002900131745263934,0.0165078267455101,-0.1626197248697281,1637174761.732302,0
0.9849026799201965,0.002238211454823613,0.013441048562526703,-0.16250622272491455,1637174761.851401,0
0.9848989844322205,0.0020210708025842905,0.016562068834900856,-0.16224321722984314,1637174761.973187,0
0.9850373864173889,0.0026956978254020214,0.00949912704527378,-0.16196247935295105,1637174762.093044,0
0.9850341081619263,-0.0027775191701948643,0.011999953538179398,-0.16181492805480957,1637174762.213785,0
0.984998881816864,-0.0011849114671349525,0.016053777188062668,-0.16169695556163788,1637174762.331687,0
0.9850428104400635,0.003710036864504218,0.015469325706362724,-0.16144444048404694,1637174762.392533,0
0.9851136207580566,-0.0007545395637862384,0.01228634174913168,-0.16133201122283936,1637174762.511353,0
0.9851326942443848,6.180730269988999e-05,0.013981870375573635,-0.16108116507530212,1637174762.632502,0
0.9851824045181274,-0.003094986081123352,0.011413519270718098,-0.16094791889190674,1637174762.750876,0
0.9851105809211731,-0.0031918908935040236,0.018390167504549026,-0.16073502600193024,1637174762.871062,0
0.9852064251899719,-0.0001507745764683932,0.014867856167256832,-0.16054731607437134,1637174762.932858,0
0.9853000640869141,5.454379424918443e-05,0.011012595146894455,-0.16028496623039246,1637174763.053706,0
0.9850922226905823,0.004987008403986692,0.024844417348504066,-0.15992915630340576,1637174763.173984,0
0.9853158593177795,0.00970127247273922,0.015492131002247334,-0.15951882302761078,1637174763.293862,0
0.9853175282478333,0.0015151691623032093,0.018930653110146523,-0.15942218899726868,1637174763.413497,0
0.9854410290718079,0.0028921423945575953,0.01389992330223322,-0.15915903449058533,1637174763.537501,0
0.9854945540428162,-0.0005323353689163923,0.011650875210762024,-0.15903744101524353,1637174763.71049,0
0.9854736328125,0.004447829909622669,0.016240287572145462,-0.1586981564760208,1637174763.774124,0
0.9854472279548645,0.004521153401583433,0.01998644694685936,-0.15843158960342407,1637174763.95266,0
0.9855028986930847,0.0036753660533577204,0.019147314131259918,-0.15821127593517303,1637174764.07266,0
0.9856762290000916,0.0013939447235316038,0.008638846687972546,-0.15809591114521027,1637174764.192667,0
0.9856856465339661,0.002849963493645191,0.012198451906442642,-0.15778200328350067,1637174764.310685,0
0.9857326149940491,0.006936493329703808,0.010813129134476185,-0.157462939620018,1637174764.37265,0
0.9857528209686279,0.0023236663546413183,0.012760567478835583,-0.15732432901859283,1637174764.491652,0
0.9857056140899658,0.0039641959592700005,0.01811252534389496,-0.15705913305282593,1637174764.611651,0
0.9858050346374512,0.00346932141110301,0.015262697823345661,-0.15675155818462372,1637174764.732875,0
0.985854983329773,0.0032435429748147726,0.015054523944854736,-0.1564665287733078,1637174764.855038,0
0.9859335422515869,-0.00019074614101555198,0.012237891554832458,-0.1562495231628418,1637174764.977174,0
0.9859955310821533,-0.0007570169982500374,0.012397023849189281,-0.1558421552181244,1637174765.092854,0
0.9859874844551086,0.005086562130600214,0.016039984300732613,-0.15548016130924225,1637174765.214452,0
0.9860225319862366,0.003180554835125804,0.01633559912443161,-0.15527594089508057,1637174765.333087,0
0.9860635995864868,0.001463462831452489,0.01460856944322586,-0.15521110594272614,1637174765.391396,0
0.9861201047897339,-0.0020558906253427267,0.011497674509882927,-0.15510869026184082,1637174765.513955,0
0.9861325621604919,0.0007518010679632425,0.01586897112429142,-0.15465600788593292,1637174765.632502,0
0.986152172088623,0.004556721542030573,0.016296567395329475,-0.1544174700975418,1637174765.752944,0
0.9862813353538513,0.0013912214199081063,0.009009569883346558,-0.1542559415102005,1637174765.871274,0
0.9863101243972778,0.003332326887175441,0.010667748749256134,-0.15393316745758057,1637174765.991522,0
0.9863386750221252,0.003933436702936888,0.011331072077155113,-0.1536903828382492,1637174766.053975,0
0.986277163028717,0.007551773451268673,0.01773066632449627,-0.1533385068178177,1637174766.172999,0
0.9863947629928589,0.0014819859061390162,0.013399766758084297,-0.1532021462917328,1637174766.293298,0
0.9863712191581726,0.00022424815688282251,0.01568855531513691,-0.15314249694347382,1637174766.412134,0
0.9863993525505066,0.002219768241047859,0.016207069158554077,-0.15289762616157532,1637174766.473074,0
0.9864939451217651,0.0063946968875825405,0.011554623022675514,-0.15259060263633728,1637174766.593201,0
0.9865092039108276,-0.0003153157013002783,0.012852665036916733,-0.15252093970775604,1637174766.711203,0
0.9865232706069946,0.00018130347598344088,0.015161492861807346,-0.15221329033374786,1637174766.834845,0
0.8173075318336487,-0.5726194381713867,0.026880627498030663,-0.015520196408033371,1637174823.171382,0
0.8198547959327698,-0.5687528252601624,0.029896097257733345,-0.01382213644683361,1637174823.233645,0
0.818282425403595,-0.5712310671806335,0.026848079636693,-0.01690543070435524,1637174823.353467,0
0.8194475173950195,-0.5694797039031982,0.027287136763334274,-0.01764252409338951,1637174823.473371,0
0.8199353814125061,-0.5685609579086304,0.02758418396115303,-0.018135562539100647,1637174823.594713,0
0.8199594020843506,-0.5684384107589722,0.02864963561296463,-0.01918221078813076,1637174823.714114,0
0.8166977167129517,-0.5731658339500427,0.029879098758101463,-0.01915561966598034,1637174823.834052,0
0.8172178864479065,-0.5724531412124634,0.03007436916232109,-0.01975938491523266,1637174823.951293,0
0.8155515193939209,-0.5746083855628967,0.030703505501151085,-0.020089780911803246,1637174824.071411,0
0.8155971765518188,-0.5745571851730347,0.034399472177028656,-0.018648825585842133,1637174824.133866,0
0.8171263337135315,-0.5722185373306274,0.03259587660431862,-0.02105003409087658,1637174824.254262,0
0.8206690549850464,-0.5670837759971619,0.033211831003427505,-0.021189667284488678,1637174824.374438,0
0.8159958720207214,-0.5737369060516357,0.032767605036497116,-0.023389268666505814,1637174824.493722,0
0.8194798827171326,-0.5689254999160767,0.029778413474559784,-0.02581058442592621,1637174824.614186,0
0.835281252861023,-0.545044481754303,0.037439972162246704,-0.021391162648797035,1637174824.732377,0
0.8633682131767273,-0.4994434118270874,0.034757453948259354,-0.024089165031909943,1637174824.793554,0
0.8723922967910767,-0.48300838470458984,0.04141303151845932,-0.023762013763189316,1637174824.913799,0
0.8757323026657104,-0.4762513339519501,0.048447396606206894,-0.0239957757294178,1637174825.033789,0
0.8726043105125427,-0.48188433051109314,0.049453381448984146,-0.026564983651041985,1637174825.153645,0
0.8657480478286743,-0.49378201365470886,0.052389178425073624,-0.027181727811694145,1637174825.270975,0
0.8644829988479614,-0.49610820412635803,0.047650739550590515,-0.030337750911712646,1637174825.333979,0
0.8475015163421631,-0.5250654220581055,0.040303561836481094,-0.03260345757007599,1637174825.453975,0
0.8272063136100769,-0.5566248893737793,0.042824745178222656,-0.029775459319353104,1637174825.573829,0
0.8134421706199646,-0.5761764049530029,0.04791000112891197,-0.0295817069709301,1637174825.752834,0
0.8103896379470825,-0.5806481242179871,0.03983055427670479,-0.037105411291122437,1637174825.872841,0
0.813166618347168,-0.5768325924873352,0.04660440981388092,-0.024354105815291405,1637174825.992834,0
0.8243510723114014,-0.5618627071380615,-0.03571014106273651,-0.01090754009783268,1637174826.11884,0
0.8159764409065247,-0.5726420879364014,-0.0523628331720829,-0.012309490703046322,1637174826.233853,0
0.8205707669258118,-0.567310094833374,-0.04061261937022209,-0.0041968864388763905,1637174826.359796,0
0.8240618705749512,-0.5627744197845459,-0.0320434495806694,-0.0034674324560910463,1637174826.53179,0
0.8246029615402222,-0.5623785853385925,-0.024218173697590828,-0.0008189776563085616,1637174826.594362,0
0.8225160241127014,-0.5652788877487183,-0.026844551786780357,-0.005912570282816887,1637174826.771496,0
0.8231742978096008,-0.5639121532440186,-0.02995065413415432,-0.0108413090929389,1637174826.838898,0
0.8274506330490112,-0.5580253601074219,-0.021877119317650795,-0.009258808568120003,1637174826.954889,0
0.8269409537315369,-0.5589721202850342,-0.020503031089901924,-0.007723803631961346,1637174827.073889,0
0.8261108994483948,-0.5605523586273193,-0.009517531841993332,0.009357948787510395,1637174827.198893,0
0.810194730758667,-0.5800597667694092,-0.05216491222381592,0.03420393541455269,1637174827.372487,0
0.8208663463592529,-0.5571666955947876,-0.0956011712551117,0.056997187435626984,1637174827.437485,0
0.8218863606452942,-0.5508246421813965,-0.09380234032869339,0.09454981982707977,1637174827.552475,0
0.8172982335090637,-0.557377815246582,-0.07834742218255997,0.10911406576633453,1637174827.674364,0
0.8163164258003235,-0.5611559152603149,-0.08235640823841095,0.09260230511426926,1637174827.793661,0
0.8180279731750488,-0.5632778406143188,-0.06776074320077896,0.07469963282346725,1637174827.912022,0
0.8121325969696045,-0.5752866864204407,-0.04041188210248947,0.0677650198340416,1637174828.031424,0
0.8125273585319519,-0.5767097473144531,-0.015647675842046738,0.06094343587756157,1637174828.093469,0
0.8137351274490356,-0.5771350264549255,-0.005212300457060337,0.03700350970029831,1637174828.214673,0
0.8103324770927429,-0.5817898511886597,0.0328778475522995,0.02082206681370735,1637174828.332361,0
0.8058703541755676,-0.5846920013427734,0.06733793765306473,-0.028589369729161263,1637174828.453283,0
0.7958333492279053,-0.586761474609375,0.10470114648342133,-0.08968748152256012,1637174828.574233,0
0.7856683135032654,-0.5873599648475647,0.12922894954681396,-0.1329142153263092,1637174828.693415,0
0.7736449837684631,-0.5953018069267273,0.1483859419822693,-0.14769601821899414,1637174828.811421,0
0.7717393636703491,-0.595984697341919,0.13527730107307434,-0.1661643087863922,1637174828.874513,0
0.7755051255226135,-0.5907361507415771,0.1211230531334877,-0.17767910659313202,1637174828.994243,0
0.7639626860618591,-0.6002562642097473,0.12295427918434143,-0.19383877515792847,1637174829.11352,0
0.7535301446914673,-0.5997677445411682,0.16003769636154175,-0.2090579867362976,1637174829.233505,0
0.7497773766517639,-0.5816856622695923,0.21715660393238068,-0.22173580527305603,1637174829.352505,0
0.7406036853790283,-0.5852859020233154,0.2359837293624878,-0.2236802577972412,1637174829.472499,0
0.7418825626373291,-0.5822339057922363,0.2579072415828705,-0.2024109959602356,1637174829.534496,0
0.7364898324012756,-0.5950570702552795,0.23165810108184814,-0.21572217345237732,1637174829.653909,0
0.7353193163871765,-0.5966940522193909,0.2189634144306183,-0.22830280661582947,1637174829.774269,0
0.7411792278289795,-0.5907822847366333,0.2178141176700592,-0.22541572153568268,1637174829.834249,0
0.7285209894180298,-0.6158357858657837,0.1746106892824173,-0.23724213242530823,1637174830.013139,0
0.7328375577926636,-0.6105648279190063,0.18956086039543152,-0.22575753927230835,1637174830.131739,0
0.7272907495498657,-0.6152082085609436,0.1848505288362503,-0.23463988304138184,1637174830.254063,0
0.7295358180999756,-0.6082139015197754,0.19590793550014496,-0.23689302802085876,1637174830.37303,0
0.7327749729156494,-0.5964707732200623,0.2106967270374298,-0.24390700459480286,1637174830.493331,0
0.7328630089759827,-0.5943238139152527,0.2135722041130066,-0.24642178416252136,1637174830.554135,0
0.7460386157035828,-0.5702890753746033,0.2554388642311096,-0.22268347442150116,1637174830.733372,0
0.7374382019042969,-0.5844710469245911,0.24781939387321472,-0.22312527894973755,1637174830.854297,0
0.7212377786636353,-0.5952082872390747,0.27147966623306274,-0.22067038714885712,1637174830.973721,0
0.7177093029022217,-0.5906384587287903,0.28397950530052185,-0.22811640799045563,1637174831.091975,0
0.7090538740158081,-0.5843290090560913,0.29794490337371826,-0.2522963285446167,1637174831.212043,0
0.6950467228889465,-0.5862200856208801,0.2909854054450989,-0.2923393249511719,1637174831.27146,0
0.6881790161132812,-0.574371874332428,0.29210877418518066,-0.3283610939979553,1637174831.393678,0
0.678493082523346,-0.5664786696434021,0.3150653839111328,-0.34077611565589905,1637174831.511467,0
0.6665477156639099,-0.5705207586288452,0.30935174226760864,-0.36213889718055725,1637174831.631859,0
0.658433735370636,-0.5729387998580933,0.2996729016304016,-0.380841463804245,1637174831.751701,0
0.6496633291244507,-0.5673723816871643,0.2773449718952179,-0.41926270723342896,1637174831.812547,0
0.6426024436950684,-0.5634859800338745,0.27505919337272644,-0.4365014135837555,1637174831.931529,0
0.6392898559570312,-0.5646893382072449,0.27165687084198,-0.44210347533226013,1637174832.051602,0
0.6547695398330688,-0.553310215473175,0.2683367133140564,-0.43560218811035156,1637174832.173546,0
0.6740577816963196,-0.5475142598152161,0.27851036190986633,-0.4062361717224121,1637174832.291181,0
0.677342414855957,-0.5557366013526917,0.2737981677055359,-0.39274996519088745,1637174832.412021,0
0.689917266368866,-0.6138514876365662,0.17410176992416382,-0.33693450689315796,1637174832.531404,0
0.7162102460861206,-0.5999506115913391,0.1613163948059082,-0.31265875697135925,1637174832.593009,0
0.732896625995636,-0.5908302664756775,0.17256134748458862,-0.283989280462265,1637174832.713286,0
0.7353433966636658,-0.5908572673797607,0.170952707529068,-0.27852684259414673,1637174832.772414,0
0.7447006702423096,-0.5869706273078918,0.1725260615348816,-0.2607118785381317,1637174832.954149,0
0.7144054770469666,-0.6340339183807373,0.17195124924182892,-0.23435144126415253,1637174833.075154,0
0.6846370100975037,-0.6700144410133362,0.1744234561920166,-0.2208404541015625,1637174833.197207,0
0.6568630933761597,-0.7010241746902466,0.17678424715995789,-0.2066834270954132,1637174833.316181,0
0.6417784690856934,-0.7185364961624146,0.16795814037322998,-0.20125283300876617,1637174833.435188,0
0.6718852519989014,-0.6924715042114258,0.1564120650291443,-0.20301328599452972,1637174833.553159,0
0.7143264412879944,-0.6505075693130493,0.15746620297431946,-0.19601351022720337,1637174833.672282,0
0.7786994576454163,-0.5764005780220032,0.14400292932987213,-0.19312992691993713,1637174833.796318,0
0.8038874268531799,-0.5431660413742065,0.13677510619163513,-0.1915058046579361,1637174833.91283,0
0.8441382646560669,-0.4810195863246918,0.13535968959331512,-0.18576833605766296,1637174834.031768,0
0.8387134075164795,-0.4880908727645874,0.150420680642128,-0.1801704615354538,1637174834.093887,0
0.8349336385726929,-0.4923303425312042,0.15826980769634247,-0.17914371192455292,1637174834.212378,0
0.8368955850601196,-0.48821982741355896,0.1599743366241455,-0.18022550642490387,1637174834.333123,0
0.8297849893569946,-0.4997614026069641,0.16394415497779846,-0.17794016003608704,1637174834.451921,0
0.773103654384613,-0.5844695568084717,0.16559617221355438,-0.17354439198970795,1637174834.57173,0
0.7288687825202942,-0.6389836072921753,0.16570550203323364,-0.17276473343372345,1637174834.693897,0
0.7072654962539673,-0.6629214882850647,0.16972172260284424,-0.16843228042125702,1637174834.811492,0
0.6921928524971008,-0.6789730191230774,0.17021742463111877,-0.16658282279968262,1637174834.931294,0
0.6758638620376587,-0.6949515342712402,0.172577902674675,-0.16542276740074158,1637174835.05197,0
0.6881046891212463,-0.6818113327026367,0.17327454686164856,-0.16810722649097443,1637174835.114046,0
0.7179333567619324,-0.6502422094345093,0.16753582656383514,-0.174168661236763,1637174835.233897,0
0.7528217434883118,-0.6099276542663574,0.16468659043312073,-0.17602010071277618,1637174835.354702,0
0.8180994391441345,-0.5203622579574585,0.1595136821269989,-0.17645272612571716,1637174835.473265,0
0.8289642930030823,-0.5043997764587402,0.15171369910240173,-0.17895907163619995,1637174835.593852,0
0.8219141960144043,-0.5141971111297607,0.16058626770973206,-0.17636793851852417,1637174835.712168,0
0.8100959062576294,-0.529928982257843,0.16674301028251648,-0.17879195511341095,1637174835.833774,0
0.8074471950531006,-0.5335617661476135,0.16594062745571136,-0.18068958818912506,1637174835.953409,0
0.8033990859985352,-0.5390313267707825,0.1641637235879898,-0.18354810774326324,1637174836.075932,0
0.7993959188461304,-0.5435402989387512,0.16405637562274933,-0.18777026236057281,1637174836.193589,0
0.7990490198135376,-0.5427336692810059,0.16688203811645508,-0.18909518420696259,1637174836.312069,0
0.8017265796661377,-0.5380183458328247,0.16671320796012878,-0.19137081503868103,1637174836.373685,0
0.797476589679718,-0.5428882837295532,0.16829998791217804,-0.19396980106830597,1637174836.493997,0
0.8030110001564026,-0.5339667797088623,0.16836276650428772,-0.19583697617053986,1637174836.614318,0
0.7992714047431946,-0.5378665328025818,0.1747744083404541,-0.19528205692768097,1637174836.682209,0
0.804724931716919,-0.5280203819274902,0.17561446130275726,-0.19903548061847687,1637174836.852086,0
0.7985528111457825,-0.5368216037750244,0.16802287101745605,-0.2062237560749054,1637174836.993991,0
0.7840012311935425,-0.5569189786911011,0.17221032083034515,-0.20591211318969727,1637174837.098002,0
0.7651951909065247,-0.5812082290649414,0.1821354776620865,-0.2003631591796875,1637174837.217001,0
0.7508851885795593,-0.5997461080551147,0.1792970597743988,-0.20241639018058777,1637174837.33399,0
0.7417765259742737,-0.6106907725334167,0.18329563736915588,-0.20025573670864105,1637174837.39679,0
0.7413255572319031,-0.609394371509552,0.1881166696548462,-0.20082998275756836,1637174837.573034,0
0.738334059715271,-0.6116435527801514,0.19103340804576874,-0.202254056930542,1637174837.6942,0
0.7290602922439575,-0.6214357614517212,0.1938430815935135,-0.20336318016052246,1637174837.813891,0
0.7196089029312134,-0.6320958137512207,0.19497814774513245,-0.20302754640579224,1637174837.932738,0
0.7143504619598389,-0.637725293636322,0.19843289256095886,-0.2011052370071411,1637174838.053405,0
0.7053989768028259,-0.6463817358016968,0.20617935061454773,-0.19741298258304596,1637174838.171424,0
0.7053207755088806,-0.6454188227653503,0.20748449862003326,-0.1994713395833969,1637174838.234241,0
0.7075189352035522,-0.6417418122291565,0.20637747645378113,-0.2045605629682541,1637174838.354915,0
0.7040060758590698,-0.6441277265548706,0.21403063833713531,-0.2013484388589859,1637174838.531479,0
0.7084294557571411,-0.6382129788398743,0.21317467093467712,-0.20554791390895844,1637174838.592088,0
0.7115904092788696,-0.6329768300056458,0.21504876017570496,-0.20841333270072937,1637174838.71475,0
0.7130936980247498,-0.6304261684417725,0.21121074259281158,-0.21469643712043762,1637174838.832261,0
0.7274029850959778,-0.6135576963424683,0.20905573666095734,-0.21765181422233582,1637174838.952125,0
0.7482563853263855,-0.5874010920524597,0.20345401763916016,-0.2247919887304306,1637174839.072678,0
0.7573926448822021,-0.5739902257919312,0.20241370797157288,-0.22927413880825043,1637174839.192183,0
0.779705286026001,-0.5437479019165039,0.2010468989610672,-0.22939921915531158,1637174839.314182,0
0.7843426465988159,-0.5365990996360779,0.19570094347000122,-0.23541299998760223,1637174839.432073,0
0.7810978293418884,-0.5382671356201172,0.20107534527778625,-0.2377132624387741,1637174839.55448,0
0.7864220142364502,-0.5286004543304443,0.20622730255126953,-0.237115278840065,1637174839.671684,0
0.7963540554046631,-0.5122650861740112,0.19266024231910706,-0.25086256861686707,1637174839.793308,0
0.8064422607421875,-0.49314242601394653,0.19887739419937134,-0.2524784207344055,1637174839.912327,0
0.8091267943382263,-0.4876488745212555,0.20090149343013763,-0.25257912278175354,1637174839.991121,0
0.8215392231941223,-0.46654605865478516,0.1925358772277832,-0.2588120102882385,1637174840.154085,0
0.8276556730270386,-0.45520052313804626,0.18961717188358307,-0.26166602969169617,1637174840.27538,0
0.8294546604156494,-0.4508213400840759,0.18623019754886627,-0.26594772934913635,1637174840.392235,0
0.8357340693473816,-0.43747350573539734,0.18661785125732422,-0.26829949021339417,1637174840.511593,0
0.8730452060699463,-0.35572606325149536,0.17324872314929962,-0.2790699601173401,1637174840.634623,0
0.8904598355293274,-0.3116060197353363,0.16662445664405823,-0.28082484006881714,1637174840.757986,0
0.8992577195167542,-0.2883837819099426,0.1585906744003296,-0.28224486112594604,1637174840.87299,0
0.9033994674682617,-0.27744078636169434,0.1455058455467224,-0.2869846820831299,1637174841.051994,0
0.8988962173461914,-0.28716737031936646,0.16118791699409485,-0.28331488370895386,1637174841.114994,0
0.8867731094360352,-0.3156726360321045,0.1750008910894394,-0.28280124068260193,1637174841.232988,0
0.8780291080474854,-0.3358635902404785,0.19008658826351166,-0.27706649899482727,1637174841.356993,0
0.8546609878540039,-0.3900761008262634,0.19051606953144073,-0.2790266275405884,1637174841.475995,0
0.8430941104888916,-0.41240963339805603,0.19262243807315826,-0.28075313568115234,1637174841.59236,0
0.8222815990447998,-0.4495704174041748,0.20872074365615845,-0.2735331356525421,1637174841.711013,0
0.8082869648933411,-0.4742484390735626,0.21007981896400452,-0.2728605270385742,1637174841.716014,0
0.7660137414932251,-0.5381119251251221,0.22454288601875305,-0.2648026943206787,1637174841.892937,0
0.7582277655601501,-0.5476242899894714,0.2292802631855011,-0.26368391513824463,1637174842.014936,0
0.7474555373191833,-0.5613899230957031,0.2285258173942566,-0.2660876512527466,1637174842.132938,0
0.7438459992408752,-0.5645431280136108,0.24420005083084106,-0.25535649061203003,1637174842.253954,0
0.7321859002113342,-0.5817495584487915,0.24729368090629578,-0.24733895063400269,1637174842.432132,0
0.729466438293457,-0.5853624939918518,0.24894091486930847,-0.24519845843315125,1637174842.55213,0
0.7242159247398376,-0.5917670130729675,0.2536035478115082,-0.24057036638259888,1637174842.614192,0
0.7269662022590637,-0.5950300693511963,0.22692786157131195,-0.25021493434906006,1637174842.791435,0
0.719058632850647,-0.60582035779953,0.22958584129810333,-0.24509264528751373,1637174842.852096,0
0.700593888759613,-0.6262977719306946,0.2342495620250702,-0.24226397275924683,1637174842.971552,0
0.7223069071769714,-0.6012532114982605,0.22800830006599426,-0.24783994257450104,1637174843.093506,0
0.7250062823295593,-0.5982428789138794,0.23753240704536438,-0.23810642957687378,1637174843.213876,0
0.7218902111053467,-0.6055214405059814,0.22961342334747314,-0.23731949925422668,1637174843.331435,0
0.722629725933075,-0.6059020161628723,0.2211591750383377,-0.24170073866844177,1637174843.452151,0
0.7326112389564514,-0.5937759280204773,0.1950381100177765,-0.26323649287223816,1637174843.571258,0
0.7356792092323303,-0.5860103964805603,0.20607462525367737,-0.2637177109718323,1637174843.632392,0
0.7375949621200562,-0.5792043209075928,0.21892154216766357,-0.2630283236503601,1637174843.753801,0
0.7414543032646179,-0.5684928297996521,0.23306900262832642,-0.26336386799812317,1637174843.871927,0
0.743425190448761,-0.5605475306510925,0.23174801468849182,-0.2757589817047119,1637174843.992188,0
0.7496063709259033,-0.5513216853141785,0.23110803961753845,-0.278154194355011,1637174844.063524,0
0.7713980674743652,-0.5197110772132874,0.22611494362354279,-0.2834809124469757,1637174844.232002,0
0.7736325263977051,-0.515985369682312,0.21888788044452667,-0.28980177640914917,1637174844.355083,0
0.7724459767341614,-0.5174939036369324,0.2146824598312378,-0.2933974862098694,1637174844.483858,0
0.7655013203620911,-0.525957465171814,0.22936122119426727,-0.2853146195411682,1637174844.534858,0
0.7656415104866028,-0.5252061486244202,0.22777888178825378,-0.28756585717201233,1637174844.653868,0
0.7714270353317261,-0.5154663920402527,0.22282886505126953,-0.2935451865196228,1637174844.775207,0
0.7676264047622681,-0.520488977432251,0.22431449592113495,-0.2935394048690796,1637174844.89419,0
0.7705472111701965,-0.5157659649848938,0.218963161110878,-0.29822012782096863,1637174845.018194,0
0.7646402716636658,-0.5226279497146606,0.2263006865978241,-0.29630202054977417,1637174845.133801,0
0.762332558631897,-0.5251975655555725,0.22247403860092163,-0.3002757430076599,1637174845.254791,0
0.7663307785987854,-0.518842339515686,0.22586509585380554,-0.2985696792602539,1637174845.374786,0
0.7633010745048523,-0.522202730178833,0.22567805647850037,-0.30065104365348816,1637174845.491956,0
0.761445939540863,-0.523926317691803,0.22705483436584473,-0.30131790041923523,1637174845.611957,0
0.7613500952720642,-0.523617684841156,0.22741608321666718,-0.3018245995044708,1637174845.690962,0
0.7613500952720642,-0.523617684841156,0.22741608321666718,-0.3018245995044708,1637174845.690962,0
0.7613500952720642,-0.523617684841156,0.22741608321666718,-0.3018245995044708,1637174845.690962,0
0.7613500952720642,-0.523617684841156,0.22741608321666718,-0.3018245995044708,1637174845.690962,0
0.7613500952720642,-0.523617684841156,0.22741608321666718,-0.3018245995044708,1637174845.690962,0
0.7613500952720642,-0.523617684841156,0.22741608321666718,-0.3018245995044708,1637174845.690962,0
0.7613500952720642,-0.523617684841156,0.22741608321666718,-0.3018245995044708,1637174845.690962,0
0.7613500952720642,-0.523617684841156,0.22741608321666718,-0.3018245995044708,1637174845.690962,0
0.7613500952720642,-0.523617684841156,0.22741608321666718,-0.3018245995044708,1637174845.690962,0
0.7613500952720642,-0.523617684841156,0.22741608321666718,-0.3018245995044708,1637174845.690962,0
0.7613500952720642,-0.523617684841156,0.22741608321666718,-0.3018245995044708,1637174845.690962,0
0.7613500952720642,-0.523617684841156,0.22741608321666718,-0.3018245995044708,1637174845.690962,0
0.7613500952720642,-0.523617684841156,0.22741608321666718,-0.3018245995044708,1637174845.690962,0
0.7613500952720642,-0.523617684841156,0.22741608321666718,-0.3018245995044708,1637174845.690962,0
0.7613500952720642,-0.523617684841156,0.22741608321666718,-0.3018245995044708,1637174845.690962,0
0.7613500952720642,-0.523617684841156,0.22741608321666718,-0.3018245995044708,1637174845.690962,0
0.7613500952720642,-0.523617684841156,0.22741608321666718,-0.3018245995044708,1637174845.690962,0
0.7613500952720642,-0.523617684841156,0.22741608321666718,-0.3018245995044708,1637174845.690962,0
0.7613500952720642,-0.523617684841156,0.22741608321666718,-0.3018245995044708,1637174845.690962,0
0.7613500952720642,-0.523617684841156,0.22741608321666718,-0.3018245995044708,1637174845.690962,0
0.7613500952720642,-0.523617684841156,0.22741608321666718,-0.3018245995044708,1637174845.690962,0
0.7613500952720642,-0.523617684841156,0.22741608321666718,-0.3018245995044708,1637174845.690962,0
0.7613500952720642,-0.523617684841156,0.22741608321666718,-0.3018245995044708,1637174845.690962,0
0.7613500952720642,-0.523617684841156,0.22741608321666718,-0.3018245995044708,1637174845.690962,0
